ID,Titel,Kategorie,URL
48673,"Sozialversicherungswerte 2026 (PDF)",Sozialversicherungen,finanzleser.de/sozialversicherungen/sozialversicherungswerte-2026-pdf
48670,"Steuerfreibeträge 2026 (PDF)",Steuerarten,finanzleser.de/steuerarten/steuerfreibetraege-2026-pdf
48594,"Neue Gesetze und Regelungen ab Januar 2026 – das ändert sich",Weitere Themen,finanzleser.de/weitere-themen/neue-gesetze-und-regelungen-ab-januar-2026-das-aendert-sich
48581,"Steuerformulare 2025 (PDF)",Steuererklärung,finanzleser.de/steuererklaerung/steuerformulare-2025-pdf
48464,"Steuerformulare 2025",Steuererklärung,finanzleser.de/steuererklaerung/steuerformulare-2025
48569,"Checkliste PKV-Beitragsoptimierung ohne Tarifwechsel",Krankenversicherung,finanzleser.de/krankenversicherung/checkliste-pkv-beitragsoptimierung-ohne-tarifwechsel
48567,"Checkliste: Nebenjob / Minijob – was muss ich melden?",Steuerpflichtige,finanzleser.de/steuerpflichtige/checkliste-nebenjob-minijob-was-muss-ich-melden
48564,"Checkliste: Steuererklärung für Selbstständige und Freelancer",Steuererklärung,finanzleser.de/steuererklaerung/checkliste-steuererklaerung-fuer-selbststaendige-und-freelancer
48561,"Checkliste: Steuererklärung – Jahres-Checkliste für Angestellte",Steuererklärung,finanzleser.de/steuererklaerung/checkliste-steuererklaerung-jahres-checkliste-fuer-angestellte
48559,"Checkliste: PKV Wechsel",Krankenversicherung,finanzleser.de/krankenversicherung/checkliste-pkv-wechsel
19083,"Düsseldorfer Tabelle 2026 (PDF)",Ehe & Familie,finanzleser.de/ehe-familie/duesseldorfer-tabelle-pdf
48475,"Steuererklärung 2025",Steuererklärung,finanzleser.de/steuererklaerung/steuererklaerung-2025
48468,"Steuerformulare 2024",Steuererklärung,finanzleser.de/steuererklaerung/steuerformulare-2024
27702,"Bauherrenhaftpflichtversicherung 2026",Sachversicherungen,finanzleser.de/sachversicherungen/bauherrenhaftpflichtversicherung
27699,"Cyberversicherung 2026",Sachversicherungen,finanzleser.de/sachversicherungen/cyberversicherung
27692,"Drohnenhaftpflichtversicherung 2026",Sachversicherungen,finanzleser.de/sachversicherungen/drohnenhaftpflichtversicherung
27691,"Lebensversicherung beitragsfrei stellen  2026",Altersvorsorge,finanzleser.de/altersvorsorge/lebensversicherung-beitragsfrei
27690,"Lebensversicherung verkaufen  2026",Altersvorsorge,finanzleser.de/altersvorsorge/lebensversicherung-verkaufen
27678,"Lebensversicherung kündigen  2026",Altersvorsorge,finanzleser.de/altersvorsorge/lebensversicherung-kuendigen
27663,"Fondsgebundene Lebensversicherung  2026",Altersvorsorge,finanzleser.de/altersvorsorge/fondsgebundene-lebensversicherung
27534,"Erwerbsunfähigkeitsrente  2026",Altersvorsorge,finanzleser.de/altersvorsorge/erwerbsunfaehigkeitsrente
27526,"Berufsunfähigkeitsversicherung  Beamte 2026",Berufsunfähigkeit,finanzleser.de/berufsunfaehigkeit/berufsunfaehigkeitsversicherung-fuer-beamte
27511,"Berufsunfähigkeitsversicherung  Vorerkrankungen 2026",Berufsunfähigkeit,finanzleser.de/berufsunfaehigkeit/berufsunfaehigkeitsversicherung-mit-vorerkrankungen
27510,"Berufsunfähigkeitsversicherung  Auszubildende 2026",Berufsunfähigkeit,finanzleser.de/berufsunfaehigkeit/berufsunfaehigkeitsversicherung-fuer-auszubildende
27440,"Berufsunfähigkeitsversicherung  Studenten 2026",Berufsunfähigkeit,finanzleser.de/berufsunfaehigkeit/berufsunfaehigkeitsversicherung-fuer-studenten
27330,"Pflegezusatzversicherung  2026",Sozialversicherungen,finanzleser.de/sozialversicherungen/pflegezusatzversicherung
27321,"Private Pflege-Pflichtversicherung  2026",Sozialversicherungen,finanzleser.de/sozialversicherungen/private-pflege-pflichtversicherung
27315,"Pflegegrad beantragen  2026",Sozialversicherungen,finanzleser.de/sozialversicherungen/pflegegrad-beantragen
27314,"Kurzzeitpflege  2026",Sozialversicherungen,finanzleser.de/sozialversicherungen/kurzzeitpflege
27301,"Private Krankenversicherung Arbeitslose  2026",Krankenversicherung,finanzleser.de/krankenversicherung/private-krankenversicherung-arbeitslose
27285,"Kündigung private Krankenversicherung  2026",Krankenversicherung,finanzleser.de/krankenversicherung/kuendigung-private-krankenversicherung
27276,"Private Krankenversicherung Rentner  2026",Krankenversicherung,finanzleser.de/krankenversicherung/private-krankenversicherung-rentner
27275,"Private Krankenversicherung Kinder  2026",Krankenversicherung,finanzleser.de/krankenversicherung/private-krankenversicherung-kinder
27270,"Private Krankenversicherung Beamte  2026",,finanzleser.de/private-krankenversicherung-beamte
27260,"Arbeitgeberzuschuss Private Krankenversicherung  2026",Krankenversicherung,finanzleser.de/krankenversicherung/arbeitgeberzuschuss-private-krankenversicherung
27259,"Anwartschaft Private Krankenversicherung  2026",Krankenversicherung,finanzleser.de/krankenversicherung/anwartschaft-private-krankenversicherung
27258,"Altersrückstellungen Private Krankenversicherung  2026",Krankenversicherung,finanzleser.de/krankenversicherung/altersrueckstellungen-private-krankenversicherung
27257,"Krankengeld für Selbstständige  2026",Krankenversicherung,finanzleser.de/krankenversicherung/krankengeld-fuer-selbststaendige
27239,"Kinderkrankengeld  2026",Krankenversicherung,finanzleser.de/krankenversicherung/kinderkrankengeld
27238,"Familienversicherung gesetzliche Krankenkasse  2026",Krankenversicherung,finanzleser.de/krankenversicherung/familienversicherung-gesetzliche-krankenkasse
27237,"Wahltarife gesetzliche Krankenkasse 2026",Krankenversicherung,finanzleser.de/krankenversicherung/wahltarife-gesetzliche-krankenkasse
27230,"Verdienstgrenzen Familienversicherung  2026",Krankenversicherung,finanzleser.de/krankenversicherung/verdienstgrenzen-familienversicherung
27214,"Bürgerversicherung  2026",Krankenversicherung,finanzleser.de/krankenversicherung/buergerversicherung
27213,"Kündigung gesetzliche Krankenkasse  2026",Krankenversicherung,finanzleser.de/krankenversicherung/kuendigung-gesetzliche-krankenkasse
27212,"Hunde OP Versicherung 2026",Tierversicherungen,finanzleser.de/tierversicherungen/hunde-op-versicherung
27157,"Pferde-OP Versicherung 2026",Tierversicherungen,finanzleser.de/tierversicherungen/perde-op-versicherung
27139,"Pflegegrade  2026",Sozialversicherungen,finanzleser.de/sozialversicherungen/pflegegrade
24708,"Rentenbesteuerung  2026",Altersvorsorge,finanzleser.de/altersvorsorge/rentenbesteuerung
18553,"Wertpapierdepot  2026",Geldanlagen,finanzleser.de/geldanlagen/wertpapierdepot
18446,"Betriebshaftpflichtversicherung 2026",Sachversicherungen,finanzleser.de/sachversicherungen/betriebshaftpflichtversicherung
18443,"Berufshaftpflichtversicherung 2026",Sachversicherungen,finanzleser.de/sachversicherungen/berufshaftpflichtversicherung
18391,"Betriebliche Krankenversicherung  2026",Krankenversicherung,finanzleser.de/krankenversicherung/betriebliche-krankenversicherung
17991,"Nachhaltige Geldanlagen 2026",Geldanlagen,finanzleser.de/geldanlagen/nachhaltige-geldanlagen
17759,"Investition in Sachwerte  2026",Geldanlagen,finanzleser.de/geldanlagen/investition-in-sachwerte
17685,"Wechsel private Krankenversicherung  2026",Krankenversicherung,finanzleser.de/krankenversicherung/wechsel-private-krankenversicherung
17649,"Freiwillige gesetzliche Krankenversicherung  2026",Krankenversicherung,finanzleser.de/krankenversicherung/freiwillige-gesetzliche-krankenversicherung
17496,"Robo Advisor 2026",Geldanlagen,finanzleser.de/geldanlagen/roboadvisor
17453,"Investition in Gold 2026",Geldanlagen,finanzleser.de/geldanlagen/investition-in-gold
17344,"Tierversicherungen 2026",Tierversicherungen,finanzleser.de/tierversicherungen/tierversicherungen
17044,"E-Scooter Versicherung 2026",Tierversicherungen,finanzleser.de/tierversicherungen/e-scooter-versicherung
16923,"Wohnmobil-Versicherung 2026",Tierversicherungen,finanzleser.de/tierversicherungen/wohnmobil-versicherung
16493,"Hundeversicherungen 2026",Tierversicherungen,finanzleser.de/tierversicherungen/hundeversicherungen
16201,"Arbeitszimmer 2025",Steuererklärung,finanzleser.de/steuererklaerung/arbeitszimmer-von-der-steuer-absetzen
16141,"Pferdeversicherung 2026",Tierversicherungen,finanzleser.de/tierversicherungen/pferdeversicherung
16019,"Steuersoftware 2025",Steuererklärung,finanzleser.de/steuererklaerung/steuersoftware-steuererklaerung
16008,"E-Bike Versicherung 2026",Tierversicherungen,finanzleser.de/tierversicherungen/e-bike-versicherung
10298,"Elster 2025",Steuererklärung,finanzleser.de/steuererklaerung/elster
7437,"Investmentfonds 2026",Geldanlagen,finanzleser.de/geldanlagen/investmentfonds
7408,"Rentenfonds 2026",Geldanlagen,finanzleser.de/geldanlagen/rentenfonds
7406,"Aktienfonds 2026",Geldanlagen,finanzleser.de/geldanlagen/aktienfonds
7350,"Krankenversicherungspflicht  2026",Krankenversicherung,finanzleser.de/krankenversicherung/krankenversicherungspflicht
7346,"Krankenversicherung Rentner  2026",Krankenversicherung,finanzleser.de/krankenversicherung/krankenversicherung-rentner
7312,"Rentenarten  2026",Altersvorsorge,finanzleser.de/altersvorsorge/rentenarten
7244,"Betriebsrente  2026",Altersvorsorge,finanzleser.de/altersvorsorge/betriebsrente
7238,"Direktversicherung  2026",Altersvorsorge,finanzleser.de/altersvorsorge/direktversicherung
7230,"Pflegedienste  2026",Sozialversicherungen,finanzleser.de/sozialversicherungen/pflegedienste
7174,"Pflegeversicherung Krankenkasse  2026",Sozialversicherungen,finanzleser.de/sozialversicherungen/pflegeversicherung-krankenkasse
7150,"Pflegebedürftigkeit  2026",Sozialversicherungen,finanzleser.de/sozialversicherungen/pflegebeduerftigkeit
6884,"Steuerberater 2025",Steuererklärung,finanzleser.de/steuererklaerung/steuerberater-von-der-steuer-absetzen
6815,"Reiseversicherung 2026",Sachversicherungen,finanzleser.de/sachversicherungen/reiseversicherung
6737,"Mischfonds 2026",Geldanlagen,finanzleser.de/geldanlagen/mischfonds
6681,"ETC – Exchange Traded Commodities  2026",Geldanlagen,finanzleser.de/geldanlagen/etc-exchange-traded-commodities
6669,"ETF – Exchange Traded Funds  2026",Geldanlagen,finanzleser.de/geldanlagen/etf-exchange-traded-funds
6658,"Arbeitnehmer-Sparzulage 2025",Steuererklärung,finanzleser.de/steuererklaerung/arbeitnehmer-sparzulage
6652,"Haushaltsnahe Dienstleistungen 2025",Steuererklärung,finanzleser.de/steuererklaerung/haushaltsnahe-dienstleistungen
6650,"Abfindungen 2025",Steuererklärung,finanzleser.de/steuererklaerung/abfindungen-von-der-steuer-absetzen
6638,"Entlastungsbetrag Alleinerziehende 2025",Steuererklärung,finanzleser.de/steuererklaerung/entlastungsbetrag-alleinerziehende
6633,"Außergewöhnliche Belastungen 2025",Steuerarten,finanzleser.de/steuerarten/aussergewoehnliche-belastungen
6631,"Tagesgeld  2026",Geldanlagen,finanzleser.de/geldanlagen/tagesgeld
6627,"Vermögenswirksame Leistungen  2026",Geldanlagen,finanzleser.de/geldanlagen/vermoegenswirksame-leistungen
6618,"Spenden 2025",Steuererklärung,finanzleser.de/steuererklaerung/spenden-von-der-steuer-absetzen
6614,"Vorsorgeaufwendungen 2025",Altersvorsorge,finanzleser.de/altersvorsorge/vorsorgeaufwendungen
6612,"Sonderausgaben 2025",Steuerarten,finanzleser.de/steuerarten/sonderausgaben
6587,"Girokonto  2026",Geldanlagen,finanzleser.de/geldanlagen/girokonto
6584,"Festgeld  2026",Geldanlagen,finanzleser.de/geldanlagen/festgeld
6579,"Kinderbetreuungskosten 2025",Steuererklärung,finanzleser.de/steuererklaerung/kinderbetreuung-von-der-steuer-absetzen
6577,"Pendlerpauschale 2025",Steuererklärung,finanzleser.de/steuererklaerung/pendlerpauschale
6560,"Umzugskosten 2025",Steuererklärung,finanzleser.de/steuererklaerung/umzugskosten-von-der-steuer-absetzen
6558,"Reisekosten 2025",Steuererklärung,finanzleser.de/steuererklaerung/reisekosten-von-der-steuer-absetzen
6555,"Grundsicherung  2026",Weitere Themen,finanzleser.de/weitere-themen/grundsicherung
